user_id,login_ip,action_time,month_year,action,doc_type,doc_id
14,49.45.132.3,"2018-01-04 18:03:17",01-2018,Login,U,14
57,49.45.132.3,"2018-01-04 18:05:04",01-2018,"File Receive",F,2088
14,49.45.132.3,"2018-01-04 18:06:36",01-2018,"Log Out",U,14
22,49.45.132.3,"2018-01-04 18:08:15",01-2018,Login,U,22
22,49.45.132.3,"2018-01-04 18:10:17",01-2018,"File Receive",F,1155
19,117.248.151.7,"2018-01-04 18:12:50",01-2018,"Log Out",U,19
22,49.45.132.3,"2018-01-04 18:21:15",01-2018,"File Dispatch",F,1155
22,49.45.132.3,"2018-01-04 18:21:58",01-2018,"Log Out",U,22
152,49.45.132.3,"2018-01-04 18:22:47",01-2018,Login,U,152
152,49.45.132.3,"2018-01-04 18:24:49",01-2018,"File Receive",F,1155
1,117.194.35.94,"2018-01-04 18:29:48",01-2018,Login,U,1
152,49.45.132.3,"2018-01-04 18:29:58",01-2018,"File Dispatch",F,1155
152,49.45.132.3,"2018-01-04 18:30:40",01-2018,"Log Out",U,152
14,49.45.132.3,"2018-01-04 18:32:36",01-2018,Login,U,14
14,49.45.132.3,"2018-01-04 18:37:33",01-2018,"Letter Attach To File",F,660
14,49.45.132.3,"2018-01-04 18:40:51",01-2018,"File Dispatch",F,660
14,49.45.132.3,"2018-01-04 18:41:32",01-2018,"Log Out",U,14
12,49.45.132.3,"2018-01-04 18:41:33",01-2018,"File Dispatch",F,567
57,49.45.132.3,"2018-01-04 19:12:23",01-2018,"File Dispatch",F,780
57,49.45.132.3,"2018-01-04 19:18:12",01-2018,"File Dispatch",F,115
19,49.45.132.3,"2018-01-05 10:15:49",01-2018,Login,U,19
151,117.248.150.133,"2018-01-05 10:28:46",01-2018,Login,U,151
67,117.223.219.18,"2018-01-05 10:41:30",01-2018,Login,U,67
64,49.45.132.3,"2018-01-05 10:42:00",01-2018,Login,U,64
67,117.223.219.18,"2018-01-05 10:43:55",01-2018,"File Receive",F,600
67,115.187.63.117,"2018-01-05 10:44:34",01-2018,Login,U,67
60,117.248.150.133,"2018-01-05 10:44:49",01-2018,Login,U,60
67,49.45.132.3,"2018-01-05 10:46:05",01-2018,"Log Out",U,67
63,115.187.63.117,"2018-01-05 10:46:20",01-2018,Login,U,63
67,117.223.219.18,"2018-01-05 10:46:37",01-2018,"File Dispatch",F,600
67,117.223.219.18,"2018-01-05 10:49:13",01-2018,"Log Out",U,67
98,59.90.250.144,"2018-01-05 10:49:34",01-2018,Login,U,98
63,117.194.43.237,"2018-01-05 10:49:59",01-2018,Login,U,63
61,117.223.219.18,"2018-01-05 10:54:45",01-2018,Login,U,61
60,117.223.219.18,"2018-01-05 10:57:17",01-2018,Login,U,60
58,117.223.219.18,"2018-01-05 10:58:59",01-2018,Login,U,58
60,117.223.219.18,"2018-01-05 10:59:20",01-2018,"File Receive",F,600
98,59.90.250.144,"2018-01-05 10:59:27",01-2018,"Add Notesheet",F,447
98,49.45.132.3,"2018-01-05 11:00:46",01-2018,Login,U,98
98,49.45.132.3,"2018-01-05 11:01:15",01-2018,Login,U,98
60,117.223.219.18,"2018-01-05 11:01:21",01-2018,"File Dispatch",F,600
98,49.45.132.3,"2018-01-05 11:02:33",01-2018,Login,U,98
58,117.223.219.18,"2018-01-05 11:02:43",01-2018,"File Receive",F,41
58,117.223.219.18,"2018-01-05 11:05:52",01-2018,"File Dispatch",F,41
60,117.248.150.133,"2018-01-05 11:07:08",01-2018,"Log Out",U,60
19,117.248.150.133,"2018-01-05 11:07:26",01-2018,Login,U,19
7,117.248.151.45,"2018-01-05 11:07:52",01-2018,Login,U,7
98,115.187.63.117,"2018-01-05 11:08:28",01-2018,"Letter Attach To File",F,784
58,117.223.219.18,"2018-01-05 11:08:46",01-2018,"File Receive",F,824
63,49.45.132.3,"2018-01-05 11:08:51",01-2018,"File Receive",F,488
19,117.248.150.133,"2018-01-05 11:09:13",01-2018,Login,U,19
94,115.187.63.117,"2018-01-05 11:09:55",01-2018,Login,U,94
136,117.194.205.174,"2018-01-05 11:10:07",01-2018,Login,U,136
63,49.45.132.3,"2018-01-05 11:11:20",01-2018,"File Dispatch",F,488
19,115.187.63.117,"2018-01-05 11:11:31",01-2018,"Letter Attach To File",L,20591
98,49.45.132.3,"2018-01-05 11:12:21",01-2018,"Letter Attach To File",F,784
56,49.45.132.3,"2018-01-05 11:12:28",01-2018,Login,U,56
58,117.223.219.18,"2018-01-05 11:12:32",01-2018,"File Dispatch",F,824
103,49.45.132.3,"2018-01-05 11:14:00",01-2018,Login,U,103
7,117.248.151.45,"2018-01-05 11:15:01",01-2018,Login,U,7
71,115.187.63.117,"2018-01-05 11:16:27",01-2018,Login,U,71
98,115.187.63.117,"2018-01-05 11:16:41",01-2018,Login,U,98
63,49.45.132.3,"2018-01-05 11:17:05",01-2018,"File Receive",F,1379
60,117.223.219.18,"2018-01-05 11:17:31",01-2018,"Log Out",U,60
63,117.223.219.18,"2018-01-05 11:18:40",01-2018,Login,U,63
71,49.45.132.3,"2018-01-05 11:18:41",01-2018,"File Receive",F,1581
71,49.45.132.3,"2018-01-05 11:20:11",01-2018,"File Dispatch",F,1581
94,49.45.132.3,"2018-01-05 11:21:15",01-2018,Almirah,F,1168
94,115.187.63.117,"2018-01-05 11:21:39",01-2018,Almirah,F,1511
94,115.187.63.117,"2018-01-05 11:22:02",01-2018,Almirah,F,1167
71,115.187.63.117,"2018-01-05 11:22:13",01-2018,"File Receive",F,1587
94,115.187.63.117,"2018-01-05 11:22:22",01-2018,Almirah,F,1681
94,49.45.132.3,"2018-01-05 11:22:48",01-2018,Almirah,F,1398
98,49.45.132.3,"2018-01-05 11:23:05",01-2018,"Log Out",U,98
94,49.45.132.3,"2018-01-05 11:23:11",01-2018,Almirah,F,1104
94,49.45.132.3,"2018-01-05 11:23:38",01-2018,Almirah,F,1367
98,115.187.63.117,"2018-01-05 11:23:44",01-2018,Login,U,98
71,49.45.132.3,"2018-01-05 11:24:06",01-2018,"File Dispatch",F,1587
94,49.45.132.3,"2018-01-05 11:24:09",01-2018,Almirah,F,1169
53,49.45.132.3,"2018-01-05 11:24:21",01-2018,Login,U,53
94,115.187.63.117,"2018-01-05 11:24:30",01-2018,Almirah,F,1269
19,49.45.132.3,"2018-01-05 11:24:44",01-2018,Login,U,19
94,49.45.132.3,"2018-01-05 11:25:05",01-2018,Almirah,F,678
53,115.187.63.117,"2018-01-05 11:25:08",01-2018,"Log Out",U,53
7,117.248.151.45,"2018-01-05 11:25:28",01-2018,"File Receive",F,253
1,59.97.222.109,"2018-01-05 11:25:31",01-2018,Login,U,1
98,49.45.132.3,"2018-01-05 11:26:00",01-2018,"Add Notesheet",F,654
71,115.187.63.117,"2018-01-05 11:26:22",01-2018,"File Receive",F,1601
98,49.45.132.3,"2018-01-05 11:26:54",01-2018,Login,U,98
7,117.248.151.45,"2018-01-05 11:27:46",01-2018,"File Receive",F,198
63,117.223.219.18,"2018-01-05 11:28:06",01-2018,"File Dispatch",F,1379
94,115.187.63.117,"2018-01-05 11:28:06",01-2018,Almirah,F,1273
63,117.223.219.18,"2018-01-05 11:28:51",01-2018,"Log Out",U,63
71,49.45.132.3,"2018-01-05 11:28:52",01-2018,"File Dispatch",F,1601
65,117.223.219.18,"2018-01-05 11:29:16",01-2018,Login,U,65
94,49.45.132.3,"2018-01-05 11:30:15",01-2018,Almirah,F,1549
65,117.223.219.18,"2018-01-05 11:31:33",01-2018,"File Receive",F,268
98,49.45.132.3,"2018-01-05 11:32:33",01-2018,"Letter Attach To File",F,784
98,49.45.132.3,"2018-01-05 11:32:34",01-2018,"File Dispatch",F,769
58,117.223.219.18,"2018-01-05 11:33:06",01-2018,"File Receive",F,1555
98,49.45.132.3,"2018-01-05 11:33:34",01-2018,Login,U,98
65,117.223.219.18,"2018-01-05 11:34:26",01-2018,"File Dispatch",F,268
58,117.223.219.18,"2018-01-05 11:34:49",01-2018,"File Dispatch",F,1555
65,117.223.219.18,"2018-01-05 11:35:08",01-2018,"Log Out",U,65
98,49.45.132.3,"2018-01-05 11:35:12",01-2018,Login,U,98
63,117.223.219.18,"2018-01-05 11:35:54",01-2018,Login,U,63
98,49.45.132.3,"2018-01-05 11:36:11",01-2018,"Letter Attach To File",F,784
94,115.187.63.117,"2018-01-05 11:36:30",01-2018,Almirah,F,1586
58,117.223.219.18,"2018-01-05 11:37:49",01-2018,"File Receive",F,871
64,115.187.63.117,"2018-01-05 11:38:40",01-2018,Login,U,64
63,117.223.219.18,"2018-01-05 11:38:45",01-2018,"File Receive",F,200
53,115.187.63.117,"2018-01-05 11:39:10",01-2018,Login,U,53
94,49.45.132.3,"2018-01-05 11:39:16",01-2018,Almirah,F,1321
98,117.248.150.98,"2018-01-05 11:39:18",01-2018,"Letter Attach To File",F,784
98,115.187.63.117,"2018-01-05 11:39:47",01-2018,"File Dispatch",F,1937
53,115.187.63.117,"2018-01-05 11:39:57",01-2018,"Log Out",U,53
98,49.45.132.3,"2018-01-05 11:40:47",01-2018,"File Dispatch",F,761
53,115.187.63.117,"2018-01-05 11:40:52",01-2018,Login,U,53
53,49.45.132.3,"2018-01-05 11:41:36",01-2018,"Log Out",U,53
58,117.223.219.18,"2018-01-05 11:41:49",01-2018,"File Dispatch",F,871
94,49.45.132.3,"2018-01-05 11:42:02",01-2018,Almirah,F,1512
63,117.223.219.18,"2018-01-05 11:42:54",01-2018,"File Dispatch",F,200
57,115.187.63.117,"2018-01-05 11:43:33",01-2018,Login,U,57
71,115.187.63.117,"2018-01-05 11:43:39",01-2018,Login,U,71
56,49.45.132.3,"2018-01-05 11:43:49",01-2018,"Letter Creation",L,21059
98,49.45.132.3,"2018-01-05 11:44:29",01-2018,"File Dispatch",F,220
56,115.187.63.117,"2018-01-05 11:44:41",01-2018,"Letter Creation",L,21060
56,49.45.132.3,"2018-01-05 11:45:30",01-2018,"Letter Creation",L,21061
71,49.45.132.3,"2018-01-05 11:45:48",01-2018,"File Receive",F,2063
94,49.45.132.3,"2018-01-05 11:46:08",01-2018,Almirah,F,847
98,115.187.63.117,"2018-01-05 11:46:11",01-2018,"Add Notesheet",F,654
98,115.187.63.117,"2018-01-05 11:46:23",01-2018,"Letter Attach To File",F,784
98,115.187.63.117,"2018-01-05 11:46:25",01-2018,"File Dispatch",F,760
71,49.45.132.3,"2018-01-05 11:46:37",01-2018,"Log Out",U,71
57,49.45.132.3,"2018-01-05 11:47:05",01-2018,"File Receive",F,268
5,115.187.63.117,"2018-01-05 11:47:25",01-2018,Login,U,5
53,49.45.132.3,"2018-01-05 11:47:30",01-2018,Login,U,53
63,117.223.219.18,"2018-01-05 11:47:37",01-2018,"Log Out",U,63
60,117.223.219.18,"2018-01-05 11:48:15",01-2018,Login,U,60
98,49.45.132.3,"2018-01-05 11:48:25",01-2018,"File Receive",F,1285
56,49.45.132.3,"2018-01-05 11:48:34",01-2018,"Letter Creation",L,21063
71,115.187.63.117,"2018-01-05 11:48:47",01-2018,"File Dispatch",F,2063
94,115.187.63.117,"2018-01-05 11:49:06",01-2018,Almirah,F,1019
53,115.187.63.117,"2018-01-05 11:49:53",01-2018,"File Receive",F,1532
98,49.45.132.3,"2018-01-05 11:51:01",01-2018,"Letter Attach To File",F,38
98,49.45.132.3,"2018-01-05 11:51:08",01-2018,Almirah,F,1285
25,49.45.132.3,"2018-01-05 11:51:29",01-2018,Login,U,25
94,115.187.63.117,"2018-01-05 11:51:53",01-2018,Almirah,F,1461
53,115.187.63.117,"2018-01-05 11:52:05",01-2018,"File Dispatch",F,1532
57,49.45.132.3,"2018-01-05 11:52:14",01-2018,"File Dispatch",F,268
103,115.187.63.117,"2018-01-05 11:52:18",01-2018,"Letter Attach To File",F,1319
71,115.187.63.117,"2018-01-05 11:52:57",01-2018,Login,U,71
98,115.187.63.117,"2018-01-05 11:53:24",01-2018,"Letter Attach To File",F,38
114,115.187.63.117,"2018-01-05 11:53:57",01-2018,Login,U,114
94,115.187.63.117,"2018-01-05 11:54:00",01-2018,Almirah,F,1805
53,115.187.63.117,"2018-01-05 11:54:21",01-2018,"File Receive",F,800
98,115.187.63.117,"2018-01-05 11:55:47",01-2018,"Letter Attach To File",F,38
71,115.187.63.117,"2018-01-05 11:55:49",01-2018,"File Receive",F,826
7,117.248.151.45,"2018-01-05 11:56:35",01-2018,"File Receive",F,329
103,49.45.132.3,"2018-01-05 11:56:53",01-2018,"Letter Attach To File",F,1319
6,117.248.150.254,"2018-01-05 11:57:00",01-2018,Login,U,6
53,115.187.63.117,"2018-01-05 11:57:19",01-2018,"File Dispatch",F,800
57,49.45.132.3,"2018-01-05 11:57:59",01-2018,"Letter Dispatch",L,20902
53,49.45.132.3,"2018-01-05 11:58:09",01-2018,"Log Out",U,53
98,49.45.132.3,"2018-01-05 11:58:19",01-2018,"Letter Attach To File",F,38
71,49.45.132.3,"2018-01-05 11:58:51",01-2018,Login,U,71
71,49.45.132.3,"2018-01-05 11:59:26",01-2018,"File Dispatch",F,826
58,117.223.219.18,"2018-01-05 11:59:54",01-2018,"File Receive",F,268
98,115.187.63.117,"2018-01-05 12:00:11",01-2018,"File Dispatch",F,34
7,117.248.151.45,"2018-01-05 12:00:40",01-2018,"File Dispatch",F,329
98,49.45.132.3,"2018-01-05 12:00:43",01-2018,"Letter Attach To File",F,38
71,49.45.132.3,"2018-01-05 12:01:08",01-2018,"File Receive",F,1532
58,117.223.219.18,"2018-01-05 12:02:31",01-2018,"File Dispatch",F,268
61,117.223.219.18,"2018-01-05 12:03:25",01-2018,"Log Out",U,61
71,115.187.63.117,"2018-01-05 12:04:04",01-2018,"File Dispatch",F,1532
59,117.223.219.18,"2018-01-05 12:04:36",01-2018,Login,U,59
98,49.45.132.3,"2018-01-05 12:04:41",01-2018,"Letter Attach To File",F,38
60,117.223.219.18,"2018-01-05 12:04:50",01-2018,"Letter Dispatch",L,21049
98,49.45.132.3,"2018-01-05 12:04:56",01-2018,"Add Notesheet",F,654
71,49.45.132.3,"2018-01-05 12:05:27",01-2018,"File Receive",F,2063
71,49.45.132.3,"2018-01-05 12:06:10",01-2018,"File Receive",F,800
98,49.45.132.3,"2018-01-05 12:06:26",01-2018,"Add Notesheet",F,654
71,49.45.132.3,"2018-01-05 12:07:02",01-2018,"File Dispatch",F,2063
59,117.223.219.18,"2018-01-05 12:07:36",01-2018,"File Receive",F,268
98,49.45.132.3,"2018-01-05 12:07:53",01-2018,"Add Notesheet",F,654
59,117.223.219.18,"2018-01-05 12:10:23",01-2018,"File Dispatch",F,268
98,49.45.132.3,"2018-01-05 12:10:43",01-2018,"Add Notesheet",F,654
98,49.45.132.3,"2018-01-05 12:11:18",01-2018,"File Receive",F,301
94,49.45.132.3,"2018-01-05 12:11:29",01-2018,Almirah,F,1095
64,49.45.132.3,"2018-01-05 12:11:48",01-2018,"File Receive",F,896
6,117.248.150.254,"2018-01-05 12:11:57",01-2018,"File Dispatch",F,622
6,117.248.150.254,"2018-01-05 12:12:39",01-2018,"Log Out",U,6
98,49.45.132.3,"2018-01-05 12:13:23",01-2018,Almirah,F,301
71,49.45.132.3,"2018-01-05 12:13:46",01-2018,"File Dispatch",F,800
132,115.187.63.117,"2018-01-05 12:14:05",01-2018,Login,U,132
98,115.187.63.117,"2018-01-05 12:14:05",01-2018,"Add Notesheet",F,654
94,49.45.132.3,"2018-01-05 12:14:17",01-2018,Almirah,F,1059
64,115.187.63.117,"2018-01-05 12:15:03",01-2018,"File Dispatch",F,896
57,49.45.132.3,"2018-01-05 12:16:10",01-2018,"File Receive",F,871
98,115.187.63.117,"2018-01-05 12:16:15",01-2018,"Add Notesheet",F,654
132,49.45.132.3,"2018-01-05 12:16:17",01-2018,"File Receive",F,452
60,117.223.219.18,"2018-01-05 12:17:32",01-2018,"File Receive",F,1555
59,117.223.219.18,"2018-01-05 12:17:50",01-2018,"Log Out",U,59
64,49.45.132.3,"2018-01-05 12:17:52",01-2018,"File Receive",F,2063
61,117.223.219.18,"2018-01-05 12:18:21",01-2018,Login,U,61
98,49.45.132.3,"2018-01-05 12:18:34",01-2018,"Add Notesheet",F,654
132,49.45.132.3,"2018-01-05 12:19:08",01-2018,"File Dispatch",F,452
60,117.223.219.18,"2018-01-05 12:19:19",01-2018,"File Dispatch",F,1555
64,115.187.63.117,"2018-01-05 12:20:24",01-2018,"File Dispatch",F,2063
71,49.45.132.3,"2018-01-05 12:20:29",01-2018,"Log Out",U,71
57,115.187.63.117,"2018-01-05 12:20:54",01-2018,"File Receive",F,824
133,49.45.132.3,"2018-01-05 12:22:50",01-2018,Login,U,133
57,49.45.132.3,"2018-01-05 12:23:42",01-2018,"File Receive",F,41
94,49.45.132.3,"2018-01-05 12:23:49",01-2018,Almirah,F,2112
98,49.45.132.3,"2018-01-05 12:24:44",01-2018,"File Receive",F,662
94,49.45.132.3,"2018-01-05 12:25:14",01-2018,"Log Out",U,94
71,49.45.132.3,"2018-01-05 12:25:49",01-2018,"Log Out",U,71
98,49.45.132.3,"2018-01-05 12:26:47",01-2018,Almirah,F,662
123,49.45.132.3,"2018-01-05 12:27:11",01-2018,Login,U,123
57,49.45.132.3,"2018-01-05 12:28:27",01-2018,"File Receive",F,2079
123,115.187.63.117,"2018-01-05 12:30:16",01-2018,"Letter Attach To File",F,1609
57,115.187.63.117,"2018-01-05 12:30:32",01-2018,"File Receive",F,927
98,59.90.250.144,"2018-01-05 12:31:58",01-2018,"Add Notesheet",F,447
57,49.45.132.3,"2018-01-05 12:32:36",01-2018,"File Receive",F,809
57,49.45.132.3,"2018-01-05 12:34:37",01-2018,"File Receive",F,535
12,49.45.132.3,"2018-01-05 12:34:38",01-2018,Login,U,12
123,49.45.132.3,"2018-01-05 12:34:53",01-2018,"File Dispatch",F,1609
64,115.187.63.117,"2018-01-05 12:37:26",01-2018,"File Receive",F,449
98,59.90.250.144,"2018-01-05 12:38:18",01-2018,"Add Notesheet",F,447
94,49.45.132.3,"2018-01-05 12:38:26",01-2018,Login,U,94
132,49.45.132.3,"2018-01-05 12:40:14",01-2018,"File Receive",F,564
103,49.45.132.3,"2018-01-05 12:40:52",01-2018,"Letter Attach To File",F,1319
64,115.187.63.117,"2018-01-05 12:41:03",01-2018,"File Dispatch",F,449
98,59.90.250.144,"2018-01-05 12:41:36",01-2018,"Add Notesheet",F,447
102,49.45.132.3,"2018-01-05 12:41:59",01-2018,Login,U,102
64,49.45.132.3,"2018-01-05 12:43:47",01-2018,"File Receive",F,542
12,49.45.132.3,"2018-01-05 12:43:58",01-2018,Login,U,12
132,49.45.132.3,"2018-01-05 12:44:26",01-2018,"File Dispatch",F,564
3,49.45.132.3,"2018-01-05 12:44:57",01-2018,Login,U,3
98,59.90.250.144,"2018-01-05 12:45:00",01-2018,"Add Notesheet",F,447
102,49.45.132.3,"2018-01-05 12:46:21",01-2018,"File Dispatch",F,570
61,117.223.219.18,"2018-01-05 12:46:43",01-2018,"File Receive",F,2106
94,49.45.132.3,"2018-01-05 12:47:36",01-2018,"Letter Attach To File",F,1650
61,117.223.219.18,"2018-01-05 12:48:57",01-2018,"File Dispatch",F,2106
98,49.45.132.3,"2018-01-05 12:49:57",01-2018,"Add Notesheet",F,654
98,49.45.132.3,"2018-01-05 12:51:22",01-2018,"Add Notesheet",F,654
3,49.45.132.3,"2018-01-05 12:51:24",01-2018,"File Receive",F,568
71,49.45.132.3,"2018-01-05 12:52:12",01-2018,"File Receive",F,1354
98,49.45.132.3,"2018-01-05 12:53:28",01-2018,"Add Notesheet",F,654
57,49.45.132.3,"2018-01-05 12:54:08",01-2018,"File Receive",F,2106
133,117.248.150.133,"2018-01-05 12:54:15",01-2018,Login,U,133
3,49.45.132.3,"2018-01-05 12:55:33",01-2018,Almirah,F,568
71,49.45.132.3,"2018-01-05 12:55:58",01-2018,"File Dispatch",F,1354
56,49.45.132.3,"2018-01-05 12:55:59",01-2018,"Letter Creation",L,21075
72,115.187.63.117,"2018-01-05 12:56:02",01-2018,Login,U,72
57,115.187.63.117,"2018-01-05 12:56:18",01-2018,"File Dispatch",F,2106
3,115.187.63.117,"2018-01-05 12:56:57",01-2018,"Log Out",U,3
94,49.45.132.3,"2018-01-05 12:57:59",01-2018,"Add Notesheet",F,1650
98,49.45.132.3,"2018-01-05 12:58:08",01-2018,"Add Notesheet",F,654
64,49.45.132.3,"2018-01-05 12:58:26",01-2018,"File Dispatch",F,542
98,59.90.250.144,"2018-01-05 12:59:03",01-2018,"Add Notesheet",F,447
72,49.45.132.3,"2018-01-05 12:59:28",01-2018,"File Receive",F,570
104,49.45.132.5,"2018-01-05 13:01:05",01-2018,Login,U,104
94,49.45.132.3,"2018-01-05 13:01:07",01-2018,"File Dispatch",F,1650
61,117.223.219.18,"2018-01-05 13:01:48",01-2018,"Log Out",U,61
98,49.45.132.3,"2018-01-05 13:02:08",01-2018,"Add Notesheet",F,654
98,115.187.63.117,"2018-01-05 13:04:14",01-2018,"Add Notesheet",F,654
58,117.223.219.18,"2018-01-05 13:04:28",01-2018,Login,U,58
72,115.187.63.117,"2018-01-05 13:05:04",01-2018,"File Dispatch",F,570
133,49.45.132.3,"2018-01-05 13:06:15",01-2018,"File Receive",F,2035
58,117.223.219.18,"2018-01-05 13:06:39",01-2018,"File Dispatch",F,2035
133,49.45.132.3,"2018-01-05 13:07:16",01-2018,"File Dispatch",F,2035
78,49.45.132.3,"2018-01-05 13:08:43",01-2018,Login,U,78
58,117.223.219.18,"2018-01-05 13:09:23",01-2018,"File Receive",F,2035
78,49.45.132.3,"2018-01-05 13:11:06",01-2018,"File Receive",F,2073
98,49.45.132.3,"2018-01-05 13:11:46",01-2018,"Add Notesheet",F,654
58,117.223.219.18,"2018-01-05 13:11:50",01-2018,"File Dispatch",F,2035
61,117.223.219.18,"2018-01-05 13:13:21",01-2018,Login,U,61
57,49.45.132.3,"2018-01-05 13:13:29",01-2018,"File Receive",F,1172
57,49.45.132.3,"2018-01-05 13:15:32",01-2018,"File Dispatch",F,1172
98,49.45.132.3,"2018-01-05 13:16:18",01-2018,"Add Notesheet",F,654
78,49.45.132.3,"2018-01-05 13:16:55",01-2018,"File Dispatch",F,2073
98,49.45.132.3,"2018-01-05 13:16:59",01-2018,"Add Notesheet",F,654
102,49.45.132.3,"2018-01-05 13:18:00",01-2018,Login,U,102
19,117.248.150.133,"2018-01-05 13:18:38",01-2018,"Log Out",U,19
60,117.248.150.133,"2018-01-05 13:19:03",01-2018,Login,U,60
61,117.223.219.18,"2018-01-05 13:21:43",01-2018,"Log Out",U,61
103,49.45.132.3,"2018-01-05 13:22:09",01-2018,"Letter Attach To File",F,1319
103,49.45.132.3,"2018-01-05 13:25:13",01-2018,"Letter Attach To File",F,1319
102,49.45.132.3,"2018-01-05 13:26:53",01-2018,"File Dispatch",F,1815
103,49.45.132.3,"2018-01-05 13:27:02",01-2018,"Letter Attach To File",F,1319
7,117.248.151.45,"2018-01-05 13:29:19",01-2018,"File Receive",F,200
58,117.223.219.18,"2018-01-05 13:29:45",01-2018,"Log Out",U,58
61,117.223.219.18,"2018-01-05 13:30:24",01-2018,Login,U,61
126,49.45.132.3,"2018-01-05 13:31:23",01-2018,Login,U,126
12,117.248.150.98,"2018-01-05 13:31:24",01-2018,"File Receive",F,896
103,117.248.150.98,"2018-01-05 13:32:38",01-2018,"Letter Attach To File",F,1319
61,117.223.219.18,"2018-01-05 13:34:01",01-2018,"File Receive",F,449
94,115.187.63.117,"2018-01-05 13:34:52",01-2018,Login,U,94
102,49.45.132.3,"2018-01-05 13:35:15",01-2018,Login,U,102
61,117.223.219.18,"2018-01-05 13:36:37",01-2018,"File Dispatch",F,449
16,49.45.132.3,"2018-01-05 13:36:41",01-2018,Login,U,16
103,49.45.132.3,"2018-01-05 13:37:25",01-2018,"Letter Attach To File",F,1319
94,49.45.132.3,"2018-01-05 13:38:50",01-2018,"File Dispatch",F,1029
103,49.45.132.3,"2018-01-05 13:39:52",01-2018,"Letter Attach To File",F,1319
63,49.45.132.3,"2018-01-05 13:41:23",01-2018,"Log Out",U,63
60,49.45.132.3,"2018-01-05 13:41:47",01-2018,Login,U,60
103,49.45.132.3,"2018-01-05 13:42:35",01-2018,"File Edit",F,21081
98,49.45.132.3,"2018-01-05 13:43:33",01-2018,"File Receive",F,268
60,49.45.132.3,"2018-01-05 13:43:53",01-2018,"File Receive",F,488
12,49.45.132.3,"2018-01-05 13:45:09",01-2018,"Letter Attach To File",F,2100
98,49.45.132.3,"2018-01-05 13:45:57",01-2018,Almirah,F,268
103,49.45.132.3,"2018-01-05 13:46:44",01-2018,"Letter Attach To File",F,1319
60,115.187.63.117,"2018-01-05 13:46:46",01-2018,"File Dispatch",F,488
12,49.45.132.3,"2018-01-05 13:47:04",01-2018,"File Dispatch",F,2100
126,115.187.63.117,"2018-01-05 13:50:23",01-2018,"File Dispatch",F,1215
126,49.45.132.3,"2018-01-05 13:51:04",01-2018,"Log Out",U,126
63,49.45.132.3,"2018-01-05 13:51:51",01-2018,Login,U,63
100,49.45.132.3,"2018-01-05 13:52:05",01-2018,Login,U,100
99,49.45.132.3,"2018-01-05 13:52:20",01-2018,Login,U,99
103,49.45.132.3,"2018-01-05 13:53:06",01-2018,"Letter Attach To File",F,1319
100,49.45.132.3,"2018-01-05 13:54:50",01-2018,"File Receive",F,1215
99,49.45.132.3,"2018-01-05 13:57:14",01-2018,"File Creation",F,2116
120,49.45.132.3,"2018-01-05 13:57:37",01-2018,Login,U,120
100,49.45.132.3,"2018-01-05 13:58:08",01-2018,"File Dispatch",F,1215
63,115.187.63.117,"2018-01-05 13:58:21",01-2018,"Log Out",U,63
63,49.45.132.3,"2018-01-05 13:58:21",01-2018,"Log Out",U,63
100,49.45.132.3,"2018-01-05 13:58:49",01-2018,"Log Out",U,100
99,49.45.132.3,"2018-01-05 13:59:20",01-2018,Almirah,F,2116
120,49.45.132.3,"2018-01-05 13:59:42",01-2018,"File Receive",F,1573
64,49.45.132.3,"2018-01-05 14:00:28",01-2018,"File Receive",F,443
53,49.45.132.3,"2018-01-05 14:00:30",01-2018,Login,U,53
98,49.45.132.3,"2018-01-05 14:01:12",01-2018,"File Receive",F,858
60,117.223.219.18,"2018-01-05 14:01:59",01-2018,"File Receive",F,643
120,49.45.132.3,"2018-01-05 14:02:35",01-2018,"File Dispatch",F,1573
98,49.45.132.3,"2018-01-05 14:03:16",01-2018,Almirah,F,858
53,49.45.132.3,"2018-01-05 14:03:27",01-2018,"File Receive",F,1215
64,49.45.132.3,"2018-01-05 14:03:50",01-2018,"File Dispatch",F,443
60,117.223.219.18,"2018-01-05 14:04:04",01-2018,"File Dispatch",F,643
12,49.45.132.3,"2018-01-05 14:04:20",01-2018,"Letter Attach To File",F,2115
60,117.223.219.18,"2018-01-05 14:04:49",01-2018,"Log Out",U,60
120,49.45.132.3,"2018-01-05 14:06:00",01-2018,"File Receive",F,329
53,115.187.63.117,"2018-01-05 14:06:02",01-2018,"File Dispatch",F,1215
12,49.45.132.3,"2018-01-05 14:06:42",01-2018,"File Dispatch",F,2115
11,47.15.170.50,"2018-01-05 14:07:30",01-2018,Login,U,11
53,49.45.132.3,"2018-01-05 14:07:44",01-2018,"Log Out",U,53
71,115.187.63.117,"2018-01-05 14:08:59",01-2018,Login,U,71
71,49.45.132.3,"2018-01-05 14:11:04",01-2018,"File Receive",F,1215
120,115.187.63.117,"2018-01-05 14:11:46",01-2018,"File Dispatch",F,329
102,49.45.132.3,"2018-01-05 14:12:46",01-2018,Login,U,102
57,49.45.132.3,"2018-01-05 14:12:55",01-2018,"File Dispatch",F,2105
98,49.45.132.3,"2018-01-05 14:17:43",01-2018,"File Receive",F,862
57,49.45.132.3,"2018-01-05 14:18:01",01-2018,"File Dispatch",F,2079
98,49.45.132.3,"2018-01-05 14:19:08",01-2018,"Log Out",U,98
119,115.187.63.117,"2018-01-05 14:19:40",01-2018,Login,U,119
98,115.187.63.117,"2018-01-05 14:19:47",01-2018,Almirah,F,862
119,49.45.132.3,"2018-01-05 14:21:47",01-2018,"File Receive",F,552
102,115.187.63.117,"2018-01-05 14:22:13",01-2018,Login,U,102
119,49.45.132.3,"2018-01-05 14:23:22",01-2018,"File Dispatch",F,552
57,49.45.132.3,"2018-01-05 14:23:47",01-2018,"File Dispatch",F,927
16,49.45.132.3,"2018-01-05 14:27:48",01-2018,"File Dispatch",F,1893
16,49.45.132.3,"2018-01-05 14:27:48",01-2018,"File Dispatch",F,1893
16,49.45.132.3,"2018-01-05 14:27:48",01-2018,"File Dispatch",F,1893
16,49.45.132.3,"2018-01-05 14:27:48",01-2018,"File Dispatch",F,1893
16,49.45.132.3,"2018-01-05 14:27:48",01-2018,"File Dispatch",F,1893
64,115.187.63.117,"2018-01-05 14:28:54",01-2018,"File Receive",F,552
60,117.248.150.133,"2018-01-05 14:29:36",01-2018,"Log Out",U,60
133,117.248.150.133,"2018-01-05 14:30:04",01-2018,"File Receive",F,1996
57,49.45.132.3,"2018-01-05 14:30:48",01-2018,"File Receive",F,488
57,49.45.132.3,"2018-01-05 14:33:00",01-2018,"File Dispatch",F,488
98,49.45.132.3,"2018-01-05 14:33:17",01-2018,"Log Out",U,98
98,49.45.132.3,"2018-01-05 14:34:33",01-2018,Almirah,F,1107
64,49.45.132.3,"2018-01-05 14:34:34",01-2018,"File Dispatch",F,552
57,49.45.132.3,"2018-01-05 14:36:30",01-2018,"File Dispatch",F,2104
133,117.248.150.133,"2018-01-05 14:37:16",01-2018,"File Dispatch",F,1996
131,117.248.150.133,"2018-01-05 14:39:50",01-2018,Login,U,131
57,49.45.132.3,"2018-01-05 14:41:54",01-2018,"File Dispatch",F,41
131,117.248.150.133,"2018-01-05 14:41:55",01-2018,"File Receive",F,1815
131,117.248.150.133,"2018-01-05 14:43:50",01-2018,"File Dispatch",F,1815
57,49.45.132.3,"2018-01-05 14:44:54",01-2018,"File Dispatch",F,1945
57,49.45.132.3,"2018-01-05 14:47:55",01-2018,"File Dispatch",F,2094
19,49.45.132.3,"2018-01-05 14:48:02",01-2018,"Letter Attach To File",L,20023
16,49.45.132.3,"2018-01-05 14:49:15",01-2018,"File Dispatch",F,1893
16,49.45.132.3,"2018-01-05 14:49:15",01-2018,"File Dispatch",F,1893
16,49.45.132.3,"2018-01-05 14:49:15",01-2018,"File Dispatch",F,1893
16,49.45.132.3,"2018-01-05 14:49:15",01-2018,"File Dispatch",F,1893
16,49.45.132.3,"2018-01-05 14:49:15",01-2018,"File Dispatch",F,1893
16,49.45.132.3,"2018-01-05 14:49:15",01-2018,"File Dispatch",F,1893
16,49.45.132.3,"2018-01-05 14:49:15",01-2018,"Plan of Investigation",F,1893
57,49.45.132.3,"2018-01-05 14:51:32",01-2018,"File Dispatch",F,535
131,117.248.150.133,"2018-01-05 14:52:24",01-2018,"Log Out",U,131
137,117.248.150.133,"2018-01-05 14:53:14",01-2018,Login,U,137
102,115.187.63.117,"2018-01-05 14:53:48",01-2018,Login,U,102
57,115.187.63.117,"2018-01-05 14:55:03",01-2018,"File Dispatch",F,809
98,49.45.132.3,"2018-01-05 14:55:07",01-2018,Login,U,98
16,49.45.132.3,"2018-01-05 14:55:43",01-2018,"Profile Update",U,16
137,117.248.150.133,"2018-01-05 14:56:15",01-2018,"File Dispatch",F,1266
7,117.248.151.45,"2018-01-05 15:02:15",01-2018,"File Dispatch",F,253
61,117.223.219.18,"2018-01-05 15:07:18",01-2018,"File Receive",F,552
16,49.45.132.3,"2018-01-05 15:08:13",01-2018,"File Dispatch",F,1893
16,49.45.132.3,"2018-01-05 15:08:13",01-2018,"File Dispatch",F,1893
16,49.45.132.3,"2018-01-05 15:08:13",01-2018,"File Dispatch",F,1893
16,49.45.132.3,"2018-01-05 15:08:13",01-2018,"File Dispatch",F,1893
16,49.45.132.3,"2018-01-05 15:08:13",01-2018,"File Dispatch",F,1893
16,49.45.132.3,"2018-01-05 15:08:13",01-2018,"File Dispatch",F,1893
16,49.45.132.3,"2018-01-05 15:08:13",01-2018,"Plan of Investigation",F,1893
61,117.223.219.18,"2018-01-05 15:09:24",01-2018,"File Dispatch",F,552
65,115.187.63.117,"2018-01-05 15:09:49",01-2018,Login,U,65
61,117.223.219.18,"2018-01-05 15:11:59",01-2018,Login,U,61
58,117.223.219.18,"2018-01-05 15:13:35",01-2018,Login,U,58
16,115.187.63.117,"2018-01-05 15:15:48",01-2018,"File Dispatch",F,1893
16,115.187.63.117,"2018-01-05 15:15:48",01-2018,"File Dispatch",F,1893
16,115.187.63.117,"2018-01-05 15:15:48",01-2018,"File Dispatch",F,1893
16,115.187.63.117,"2018-01-05 15:15:48",01-2018,"File Dispatch",F,1893
16,115.187.63.117,"2018-01-05 15:15:48",01-2018,"File Dispatch",F,1893
16,115.187.63.117,"2018-01-05 15:15:48",01-2018,"File Dispatch",F,1893
16,115.187.63.117,"2018-01-05 15:15:48",01-2018,"Plan of Investigation",F,1893
61,117.223.219.18,"2018-01-05 15:16:59",01-2018,"File Receive",F,1374
152,49.45.132.3,"2018-01-05 15:17:31",01-2018,Login,U,152
65,117.223.219.18,"2018-01-05 15:17:33",01-2018,Login,U,65
152,115.187.63.117,"2018-01-05 15:18:15",01-2018,"Log Out",U,152
61,117.223.219.18,"2018-01-05 15:19:20",01-2018,"File Dispatch",F,1374
56,49.45.132.3,"2018-01-05 15:20:10",01-2018,"Letter Creation",L,21086
65,117.223.219.18,"2018-01-05 15:20:22",01-2018,"File Receive",F,1893
56,49.45.132.3,"2018-01-05 15:20:54",01-2018,"Letter Dispatch",L,21075
71,49.45.132.3,"2018-01-05 15:21:34",01-2018,Login,U,71
22,49.45.132.3,"2018-01-05 15:21:39",01-2018,Login,U,22
65,115.187.63.117,"2018-01-05 15:21:47",01-2018,"Log Out",U,65
65,117.223.219.18,"2018-01-05 15:22:02",01-2018,"File Dispatch",F,1893
61,117.223.219.18,"2018-01-05 15:22:06",01-2018,"File Receive",F,1379
67,115.187.63.117,"2018-01-05 15:22:09",01-2018,Login,U,67
56,49.45.132.3,"2018-01-05 15:22:10",01-2018,"Letter Dispatch",L,21060
7,117.248.151.45,"2018-01-05 15:22:12",01-2018,"File Dispatch",F,198
22,49.45.132.3,"2018-01-05 15:23:53",01-2018,"File Receive",F,660
16,49.45.132.3,"2018-01-05 15:24:08",01-2018,"File Dispatch",F,1893
16,49.45.132.3,"2018-01-05 15:24:08",01-2018,"File Dispatch",F,1893
16,49.45.132.3,"2018-01-05 15:24:08",01-2018,"File Dispatch",F,1893
16,49.45.132.3,"2018-01-05 15:24:08",01-2018,"File Dispatch",F,1893
16,49.45.132.3,"2018-01-05 15:24:08",01-2018,"File Dispatch",F,1893
16,49.45.132.3,"2018-01-05 15:24:08",01-2018,"File Dispatch",F,1893
16,49.45.132.3,"2018-01-05 15:24:08",01-2018,"Plan of Investigation",F,1893
65,117.223.219.18,"2018-01-05 15:24:15",01-2018,"File Receive",F,2010
67,49.45.132.3,"2018-01-05 15:24:24",01-2018,"File Receive",F,452
61,117.223.219.18,"2018-01-05 15:25:18",01-2018,"File Dispatch",F,1379
65,117.223.219.18,"2018-01-05 15:25:59",01-2018,"File Dispatch",F,2010
67,117.248.150.98,"2018-01-05 15:27:49",01-2018,"File Dispatch",F,452
61,117.223.219.18,"2018-01-05 15:28:03",01-2018,"File Receive",F,443
22,115.187.63.117,"2018-01-05 15:28:14",01-2018,"File Dispatch",F,660
98,115.187.63.117,"2018-01-05 15:28:40",01-2018,"File Dispatch",F,1934
22,115.187.63.117,"2018-01-05 15:29:19",01-2018,"Log Out",U,22
152,115.187.63.117,"2018-01-05 15:29:21",01-2018,Login,U,152
19,115.187.63.117,"2018-01-05 15:29:22",01-2018,"Letter Attach To File",L,9238
61,117.223.219.18,"2018-01-05 15:30:17",01-2018,"File Dispatch",F,443
152,49.45.132.3,"2018-01-05 15:30:27",01-2018,Login,U,152
152,115.187.63.117,"2018-01-05 15:31:02",01-2018,"Log Out",U,152
67,115.187.63.117,"2018-01-05 15:31:56",01-2018,"Log Out",U,67
63,49.45.132.3,"2018-01-05 15:32:13",01-2018,Login,U,63
152,49.45.132.3,"2018-01-05 15:32:32",01-2018,"File Receive",F,660
58,117.223.219.18,"2018-01-05 15:32:42",01-2018,Login,U,58
119,115.187.63.117,"2018-01-05 15:34:54",01-2018,"File Receive",F,552
58,117.223.219.18,"2018-01-05 15:35:33",01-2018,"File Receive",F,97
152,49.45.132.3,"2018-01-05 15:35:34",01-2018,"File Dispatch",F,660
152,49.45.132.3,"2018-01-05 15:36:18",01-2018,"Log Out",U,152
16,115.187.63.117,"2018-01-05 15:36:36",01-2018,"File Dispatch",F,1893
16,115.187.63.117,"2018-01-05 15:36:36",01-2018,"File Dispatch",F,1893
16,115.187.63.117,"2018-01-05 15:36:36",01-2018,"File Dispatch",F,1893
16,115.187.63.117,"2018-01-05 15:36:36",01-2018,"File Dispatch",F,1893
16,115.187.63.117,"2018-01-05 15:36:36",01-2018,"File Dispatch",F,1893
16,115.187.63.117,"2018-01-05 15:36:37",01-2018,"File Dispatch",F,1893
16,115.187.63.117,"2018-01-05 15:36:37",01-2018,"Plan of Investigation",F,1893
123,49.45.132.3,"2018-01-05 15:36:56",01-2018,"File Receive",F,1457
123,115.187.63.117,"2018-01-05 15:38:57",01-2018,"File Receive",F,1447
58,117.223.219.18,"2018-01-05 15:39:24",01-2018,"File Dispatch",F,97
94,115.187.63.117,"2018-01-05 15:39:44",01-2018,Login,U,94
103,115.187.63.117,"2018-01-05 15:39:55",01-2018,"Letter Attach To File",F,1319
102,49.45.132.3,"2018-01-05 15:40:22",01-2018,Login,U,102
123,117.248.150.98,"2018-01-05 15:41:33",01-2018,Almirah,F,1457
58,117.223.219.18,"2018-01-05 15:42:23",01-2018,"File Receive",F,115
103,115.187.63.117,"2018-01-05 15:42:58",01-2018,"Letter Attach To File",F,1319
123,115.187.63.117,"2018-01-05 15:43:37",01-2018,Almirah,F,1447
63,115.187.63.117,"2018-01-05 15:43:48",01-2018,"File Receive",F,1815
123,117.248.150.98,"2018-01-05 15:44:18",01-2018,"Log Out",U,123
137,117.248.150.133,"2018-01-05 15:44:19",01-2018,Login,U,137
65,117.223.219.18,"2018-01-05 15:44:42",01-2018,"Log Out",U,65
58,117.223.219.18,"2018-01-05 15:44:43",01-2018,"File Dispatch",F,115
60,117.223.219.18,"2018-01-05 15:45:01",01-2018,Login,U,60
22,117.248.150.133,"2018-01-05 15:45:29",01-2018,Login,U,22
63,49.45.132.3,"2018-01-05 15:46:13",01-2018,"File Dispatch",F,1815
71,115.187.63.117,"2018-01-05 15:46:16",01-2018,Login,U,71
60,117.223.219.18,"2018-01-05 15:47:11",01-2018,"File Receive",F,2097
58,117.223.219.18,"2018-01-05 15:47:32",01-2018,"File Receive",F,1541
22,117.248.150.133,"2018-01-05 15:47:37",01-2018,"File Receive",F,1266
71,115.187.63.117,"2018-01-05 15:48:24",01-2018,"File Receive",F,1137
60,117.223.219.18,"2018-01-05 15:49:29",01-2018,"File Dispatch",F,2097
22,117.248.150.133,"2018-01-05 15:49:45",01-2018,"File Dispatch",F,1266
58,117.223.219.18,"2018-01-05 15:50:01",01-2018,"File Dispatch",F,1541
56,115.187.63.117,"2018-01-05 15:50:02",01-2018,"Letter Creation",L,21089
94,49.45.132.3,"2018-01-05 15:50:21",01-2018,"File Dispatch",F,1234
71,115.187.63.117,"2018-01-05 15:50:26",01-2018,"File Dispatch",F,1137
152,117.248.150.133,"2018-01-05 15:50:44",01-2018,Login,U,152
60,117.223.219.18,"2018-01-05 15:50:54",01-2018,"Log Out",U,60
71,115.187.63.117,"2018-01-05 15:51:09",01-2018,"Log Out",U,71
65,117.223.219.18,"2018-01-05 15:51:14",01-2018,Login,U,65
137,117.248.150.133,"2018-01-05 15:52:07",01-2018,"Log Out",U,137
103,49.45.132.3,"2018-01-05 15:52:31",01-2018,"Letter Attach To File",F,1319
152,117.248.150.133,"2018-01-05 15:52:50",01-2018,"File Receive",F,1266
58,117.223.219.18,"2018-01-05 15:52:50",01-2018,"File Receive",F,600
65,117.223.219.18,"2018-01-05 15:53:44",01-2018,"File Receive",F,1943
53,117.248.150.98,"2018-01-05 15:54:19",01-2018,Login,U,53
152,117.248.150.133,"2018-01-05 15:54:52",01-2018,"File Dispatch",F,1266
58,117.223.219.18,"2018-01-05 15:54:59",01-2018,"File Dispatch",F,600
65,117.223.219.18,"2018-01-05 15:55:29",01-2018,"File Dispatch",F,1943
65,117.223.219.18,"2018-01-05 15:56:12",01-2018,"Log Out",U,65
60,117.223.219.18,"2018-01-05 15:56:36",01-2018,Login,U,60
16,117.248.150.133,"2018-01-05 15:56:39",01-2018,Login,U,16
58,117.223.219.18,"2018-01-05 15:57:48",01-2018,"File Receive",F,780
53,49.45.132.3,"2018-01-05 15:58:21",01-2018,"File Receive",F,1609
63,49.45.132.3,"2018-01-05 15:58:33",01-2018,"File Receive",F,329
60,117.223.219.18,"2018-01-05 15:58:43",01-2018,"File Receive",F,600
58,117.223.219.18,"2018-01-05 15:59:53",01-2018,"File Dispatch",F,780
64,115.187.63.117,"2018-01-05 16:00:12",01-2018,"File Receive",F,2115
60,117.223.219.18,"2018-01-05 16:00:40",01-2018,"File Dispatch",F,600
102,49.45.132.3,"2018-01-05 16:01:03",01-2018,"Log Out",U,102
120,49.45.132.3,"2018-01-05 16:01:15",01-2018,"File Receive",F,198
16,117.248.150.133,"2018-01-05 16:01:51",01-2018,Login,U,16
64,117.248.150.98,"2018-01-05 16:02:30",01-2018,"File Dispatch",F,2115
64,49.45.132.3,"2018-01-05 16:03:22",01-2018,Login,U,64
63,49.45.132.3,"2018-01-05 16:03:33",01-2018,"File Dispatch",F,329
102,49.45.132.3,"2018-01-05 16:03:34",01-2018,Login,U,102
58,117.223.219.18,"2018-01-05 16:03:40",01-2018,"File Receive",F,600
120,115.187.63.117,"2018-01-05 16:05:36",01-2018,"File Dispatch",F,198
102,49.45.132.3,"2018-01-05 16:05:45",01-2018,"Log Out",U,102
64,49.45.132.3,"2018-01-05 16:06:16",01-2018,"File Receive",F,1029
63,115.187.63.117,"2018-01-05 16:06:18",01-2018,"Log Out",U,63
58,117.223.219.18,"2018-01-05 16:06:20",01-2018,"File Dispatch",F,600
63,115.187.63.117,"2018-01-05 16:06:31",01-2018,Login,U,63
56,115.187.63.117,"2018-01-05 16:06:47",01-2018,"Letter Creation",L,21091
12,49.45.132.3,"2018-01-05 16:06:58",01-2018,"File Dispatch",F,440
64,115.187.63.117,"2018-01-05 16:08:30",01-2018,"File Dispatch",F,1029
63,49.45.132.3,"2018-01-05 16:08:39",01-2018,"Log Out",U,63
63,49.45.132.3,"2018-01-05 16:08:48",01-2018,Login,U,63
64,115.187.63.117,"2018-01-05 16:08:56",01-2018,Login,U,64
56,117.248.150.98,"2018-01-05 16:09:06",01-2018,"Letter Dispatch",L,21059
58,117.223.219.18,"2018-01-05 16:09:09",01-2018,"File Receive",F,2097
64,115.187.63.117,"2018-01-05 16:09:40",01-2018,"Log Out",U,64
56,49.45.132.3,"2018-01-05 16:10:06",01-2018,"Letter Dispatch",L,21061
56,49.45.132.3,"2018-01-05 16:10:18",01-2018,"Letter Dispatch",L,21063
137,49.45.132.3,"2018-01-05 16:10:22",01-2018,Login,U,137
98,115.187.63.117,"2018-01-05 16:11:03",01-2018,Login,U,98
103,49.45.132.3,"2018-01-05 16:11:16",01-2018,"Letter Attach To File",F,1319
64,115.187.63.117,"2018-01-05 16:11:18",01-2018,"File Receive",F,1266
61,117.223.219.18,"2018-01-05 16:12:01",01-2018,"File Receive",F,1029
129,117.248.150.133,"2018-01-05 16:12:39",01-2018,Login,U,129
53,115.187.63.117,"2018-01-05 16:12:43",01-2018,"File Dispatch",F,1609
64,49.45.132.3,"2018-01-05 16:13:26",01-2018,"File Dispatch",F,1266
19,49.45.132.3,"2018-01-05 16:13:41",01-2018,"Letter Attach To File",L,14623
58,117.223.219.18,"2018-01-05 16:14:36",01-2018,"File Dispatch",F,2097
60,117.223.219.18,"2018-01-05 16:14:37",01-2018,"File Receive",F,780
129,117.248.150.133,"2018-01-05 16:14:52",01-2018,"File Receive",F,1815
137,115.187.63.117,"2018-01-05 16:15:14",01-2018,"File Receive",F,1266
103,49.45.132.3,"2018-01-05 16:15:30",01-2018,"Letter Attach To File",F,1319
61,117.223.219.18,"2018-01-05 16:16:16",01-2018,Login,U,61
98,115.187.63.117,"2018-01-05 16:16:17",01-2018,"File Dispatch",F,721
60,117.223.219.18,"2018-01-05 16:16:21",01-2018,"File Dispatch",F,780
64,115.187.63.117,"2018-01-05 16:16:43",01-2018,"File Receive",F,2100
129,117.248.150.133,"2018-01-05 16:16:43",01-2018,"File Dispatch",F,1815
137,115.187.63.117,"2018-01-05 16:16:47",01-2018,Almirah,F,1266
60,117.223.219.18,"2018-01-05 16:17:06",01-2018,"Log Out",U,60
98,49.45.132.3,"2018-01-05 16:17:30",01-2018,"Letter Attach To File",F,654
137,49.45.132.3,"2018-01-05 16:17:30",01-2018,"Log Out",U,137
65,117.223.219.18,"2018-01-05 16:17:39",01-2018,Login,U,65
61,117.223.219.18,"2018-01-05 16:19:15",01-2018,"File Dispatch",F,1029
64,49.45.132.3,"2018-01-05 16:19:20",01-2018,"File Dispatch",F,2100
65,117.223.219.18,"2018-01-05 16:19:46",01-2018,"File Receive",F,853
98,49.45.132.3,"2018-01-05 16:21:03",01-2018,"File Receive",F,643
61,117.223.219.18,"2018-01-05 16:22:04",01-2018,"File Receive",F,535
65,117.223.219.18,"2018-01-05 16:22:11",01-2018,"File Dispatch",F,853
64,49.45.132.3,"2018-01-05 16:23:00",01-2018,"File Edit",F,42956
98,49.45.132.3,"2018-01-05 16:23:10",01-2018,Almirah,F,643
65,117.223.219.18,"2018-01-05 16:24:18",01-2018,"File Receive",F,1936
61,117.223.219.18,"2018-01-05 16:24:20",01-2018,"File Dispatch",F,535
119,49.45.132.3,"2018-01-05 16:24:47",01-2018,"Add Notesheet",F,552
65,117.223.219.18,"2018-01-05 16:26:01",01-2018,"File Dispatch",F,1936
64,49.45.132.3,"2018-01-05 16:26:25",01-2018,"File Receive",F,567
98,115.187.63.117,"2018-01-05 16:27:25",01-2018,"Letter Attach To File",F,654
119,115.187.63.117,"2018-01-05 16:27:42",01-2018,"File Dispatch",F,552
63,115.187.63.117,"2018-01-05 16:27:57",01-2018,"Log Out",U,63
63,115.187.63.117,"2018-01-05 16:27:57",01-2018,"Log Out",U,63
65,117.223.219.18,"2018-01-05 16:28:07",01-2018,"File Receive",F,59
67,115.187.63.117,"2018-01-05 16:28:12",01-2018,Login,U,67
64,49.45.132.3,"2018-01-05 16:29:15",01-2018,"File Dispatch",F,567
65,117.223.219.18,"2018-01-05 16:29:41",01-2018,"File Dispatch",F,59
67,115.187.63.117,"2018-01-05 16:30:17",01-2018,"File Receive",F,1555
65,117.223.219.18,"2018-01-05 16:31:47",01-2018,"File Receive",F,228
61,117.223.219.18,"2018-01-05 16:32:37",01-2018,"File Receive",F,542
67,49.45.132.3,"2018-01-05 16:32:50",01-2018,"File Dispatch",F,1555
64,115.187.63.117,"2018-01-05 16:33:22",01-2018,"File Receive",F,2106
65,117.223.219.18,"2018-01-05 16:33:29",01-2018,"File Dispatch",F,228
56,115.187.63.117,"2018-01-05 16:33:34",01-2018,"Letter Creation",L,21096
64,115.187.63.117,"2018-01-05 16:34:44",01-2018,"File Receive",F,570
67,49.45.132.3,"2018-01-05 16:34:54",01-2018,"File Receive",F,780
56,115.187.63.117,"2018-01-05 16:35:24",01-2018,"Letter Creation",L,21097
65,117.223.219.18,"2018-01-05 16:35:34",01-2018,"File Receive",F,1541
67,49.45.132.3,"2018-01-05 16:36:25",01-2018,"File Dispatch",F,780
67,49.45.132.3,"2018-01-05 16:37:06",01-2018,"Log Out",U,67
56,49.45.132.3,"2018-01-05 16:37:16",01-2018,"Letter Creation",L,21098
65,117.223.219.18,"2018-01-05 16:37:22",01-2018,"File Dispatch",F,1541
98,115.187.63.117,"2018-01-05 16:37:53",01-2018,"Letter Attach To File",F,654
67,49.45.132.3,"2018-01-05 16:38:03",01-2018,Login,U,67
64,115.187.63.117,"2018-01-05 16:38:18",01-2018,"File Dispatch",F,2106
56,49.45.132.3,"2018-01-05 16:38:23",01-2018,"Letter Creation",L,21100
64,49.45.132.3,"2018-01-05 16:39:00",01-2018,"File Dispatch",F,570
65,117.223.219.18,"2018-01-05 16:39:27",01-2018,"File Receive",F,115
65,117.223.219.18,"2018-01-05 16:41:39",01-2018,"File Dispatch",F,115
56,49.45.132.3,"2018-01-05 16:42:22",01-2018,"Letter Creation",L,21101
65,117.223.219.18,"2018-01-05 16:43:12",01-2018,"Log Out",U,65
61,117.223.219.18,"2018-01-05 16:43:37",01-2018,"File Dispatch",F,542
60,117.223.219.18,"2018-01-05 16:43:44",01-2018,Login,U,60
67,49.45.132.3,"2018-01-05 16:44:19",01-2018,"Log Out",U,67
63,115.187.63.117,"2018-01-05 16:45:49",01-2018,Login,U,63
60,117.223.219.18,"2018-01-05 16:46:09",01-2018,"File Receive",F,452
61,117.223.219.18,"2018-01-05 16:46:24",01-2018,"File Receive",F,2104
60,117.223.219.18,"2018-01-05 16:47:57",01-2018,"File Dispatch",F,452
63,115.187.63.117,"2018-01-05 16:48:35",01-2018,"File Receive",F,1893
61,117.223.219.18,"2018-01-05 16:48:36",01-2018,"File Dispatch",F,2104
58,117.223.219.18,"2018-01-05 16:50:47",01-2018,"File Receive",F,41
11,47.15.201.234,"2018-01-05 16:51:41",01-2018,Login,U,11
61,117.223.219.18,"2018-01-05 16:51:56",01-2018,"File Receive",F,2105
58,117.223.219.18,"2018-01-05 16:52:55",01-2018,"File Dispatch",F,41
63,49.45.132.3,"2018-01-05 16:53:51",01-2018,"File Dispatch",F,1893
61,117.223.219.18,"2018-01-05 16:54:14",01-2018,"File Dispatch",F,2105
102,49.45.132.3,"2018-01-05 16:55:04",01-2018,Login,U,102
99,49.45.132.3,"2018-01-05 16:56:55",01-2018,Login,U,99
61,117.223.219.18,"2018-01-05 16:57:00",01-2018,"File Receive",F,2079
98,49.45.132.3,"2018-01-05 16:57:34",01-2018,"File Receive",F,1555
60,117.223.219.18,"2018-01-05 16:58:14",01-2018,"File Receive",F,329
8,49.45.132.3,"2018-01-05 16:59:10",01-2018,Login,U,8
61,117.223.219.18,"2018-01-05 16:59:21",01-2018,"File Dispatch",F,2079
98,49.45.132.3,"2018-01-05 16:59:38",01-2018,Almirah,F,1555
60,117.223.219.18,"2018-01-05 17:00:27",01-2018,"File Dispatch",F,329
98,49.45.132.3,"2018-01-05 17:00:53",01-2018,"Letter Attach To File",F,654
61,117.223.219.18,"2018-01-05 17:02:12",01-2018,"File Receive",F,927
99,49.45.132.3,"2018-01-05 17:04:21",01-2018,"Letter Attach To File",F,2116
61,117.223.219.18,"2018-01-05 17:04:31",01-2018,"File Dispatch",F,927
64,49.45.132.3,"2018-01-05 17:05:11",01-2018,Login,U,64
117,49.45.132.3,"2018-01-05 17:05:23",01-2018,Login,U,117
12,49.45.132.3,"2018-01-05 17:05:44",01-2018,Login,U,12
99,49.45.132.3,"2018-01-05 17:06:50",01-2018,"File Dispatch",F,2116
99,49.45.132.3,"2018-01-05 17:07:33",01-2018,"Log Out",U,99
53,49.45.132.3,"2018-01-05 17:07:57",01-2018,"Log Out",U,53
61,117.223.219.18,"2018-01-05 17:07:59",01-2018,"File Receive",F,903
64,49.45.132.3,"2018-01-05 17:08:01",01-2018,"File Receive",F,1261
117,115.187.63.117,"2018-01-05 17:08:24",01-2018,"Log Out",U,117
98,115.187.63.117,"2018-01-05 17:08:25",01-2018,"Log Out",U,98
98,49.45.132.3,"2018-01-05 17:08:29",01-2018,"File Receive",F,1541
107,49.45.132.3,"2018-01-05 17:09:01",01-2018,Login,U,107
53,49.45.132.3,"2018-01-05 17:09:42",01-2018,Login,U,53
12,49.45.132.3,"2018-01-05 17:09:58",01-2018,"File Receive",F,567
61,117.223.219.18,"2018-01-05 17:10:23",01-2018,"File Dispatch",F,903
58,117.223.219.18,"2018-01-05 17:10:51",01-2018,"Log Out",U,58
64,115.187.63.117,"2018-01-05 17:10:52",01-2018,"File Dispatch",F,1261
98,115.187.63.117,"2018-01-05 17:11:11",01-2018,Almirah,F,1541
56,49.45.132.3,"2018-01-05 17:11:37",01-2018,"Letter Creation",L,21104
107,49.45.132.3,"2018-01-05 17:11:50",01-2018,"File Receive",F,854
12,49.45.132.3,"2018-01-05 17:12:06",01-2018,"File Receive",F,2100
53,49.45.132.3,"2018-01-05 17:12:37",01-2018,"File Receive",F,2116
61,117.223.219.18,"2018-01-05 17:13:17",01-2018,"File Receive",F,2094
56,49.45.132.3,"2018-01-05 17:13:59",01-2018,"Letter Creation",L,21105
59,117.223.219.18,"2018-01-05 17:15:22",01-2018,Login,U,59
14,115.187.63.117,"2018-01-05 17:15:26",01-2018,Login,U,14
56,115.187.63.117,"2018-01-05 17:15:27",01-2018,"Letter Creation",L,21106
12,49.45.132.3,"2018-01-05 17:16:15",01-2018,"File Receive",F,2115
61,117.223.219.18,"2018-01-05 17:16:27",01-2018,"File Dispatch",F,2094
107,115.187.63.117,"2018-01-05 17:17:21",01-2018,"File Dispatch",F,854
56,49.45.132.3,"2018-01-05 17:17:38",01-2018,"Letter Creation",L,21107
107,49.45.132.3,"2018-01-05 17:18:03",01-2018,"Log Out",U,107
14,49.45.132.3,"2018-01-05 17:18:06",01-2018,"File Receive",F,1261
59,117.223.219.18,"2018-01-05 17:19:10",01-2018,"File Receive",F,488
56,115.187.63.117,"2018-01-05 17:19:18",01-2018,"Letter Creation",L,21108
53,49.45.132.3,"2018-01-05 17:19:22",01-2018,"File Dispatch",F,2116
61,117.223.219.18,"2018-01-05 17:19:25",01-2018,"File Receive",F,809
14,49.45.132.3,"2018-01-05 17:19:29",01-2018,Almirah,F,1261
14,49.45.132.3,"2018-01-05 17:20:10",01-2018,"Log Out",U,14
56,49.45.132.3,"2018-01-05 17:20:21",01-2018,"Letter Creation",L,21109
4,49.45.132.3,"2018-01-05 17:21:31",01-2018,Login,U,4
59,117.223.219.18,"2018-01-05 17:21:41",01-2018,"File Dispatch",F,488
61,117.223.219.18,"2018-01-05 17:21:59",01-2018,"File Dispatch",F,809
56,49.45.132.3,"2018-01-05 17:23:54",01-2018,"Letter Creation",L,21110
56,49.45.132.3,"2018-01-05 17:25:25",01-2018,"Letter Creation",L,21111
3,49.45.132.3,"2018-01-05 17:28:29",01-2018,Login,U,3
56,115.187.63.117,"2018-01-05 17:29:10",01-2018,"Letter Creation",L,21112
56,49.45.132.3,"2018-01-05 17:31:03",01-2018,"Letter Creation",L,21113
3,115.187.63.117,"2018-01-05 17:31:20",01-2018,"File Receive",F,564
56,49.45.132.3,"2018-01-05 17:32:26",01-2018,"Letter Creation",L,21114
14,49.45.132.3,"2018-01-05 17:32:52",01-2018,Login,U,14
56,49.45.132.3,"2018-01-05 17:33:46",01-2018,"Letter Creation",L,21115
104,49.45.132.5,"2018-01-05 17:33:48",01-2018,Login,U,104
119,49.45.132.3,"2018-01-05 17:34:11",01-2018,"Log Out",U,119
3,49.45.132.3,"2018-01-05 17:34:28",01-2018,"File Dispatch",F,564
56,49.45.132.3,"2018-01-05 17:35:22",01-2018,"Letter Dispatch",L,21086
56,49.45.132.3,"2018-01-05 17:35:47",01-2018,"Letter Dispatch",L,21106
104,49.45.132.5,"2018-01-05 17:35:52",01-2018,"File Receive",F,253
56,115.187.63.117,"2018-01-05 17:36:08",01-2018,"Letter Dispatch",L,21105
56,115.187.63.117,"2018-01-05 17:36:21",01-2018,"Letter Dispatch",L,21104
56,49.45.132.3,"2018-01-05 17:37:07",01-2018,"Letter Dispatch",L,21101
132,49.45.132.3,"2018-01-05 17:37:32",01-2018,Login,U,132
56,49.45.132.3,"2018-01-05 17:37:35",01-2018,"Letter Dispatch",L,21100
104,49.45.132.5,"2018-01-05 17:37:54",01-2018,"Log Out",U,104
56,49.45.132.3,"2018-01-05 17:38:07",01-2018,"Letter Dispatch",L,21098
14,115.187.63.117,"2018-01-05 17:38:18",01-2018,"Letter Attach To File",F,725
56,49.45.132.3,"2018-01-05 17:38:40",01-2018,"Letter Dispatch",L,21097
4,49.45.132.3,"2018-01-05 17:38:44",01-2018,"File Receive",F,1158
56,49.45.132.3,"2018-01-05 17:38:58",01-2018,"Letter Dispatch",L,21096
56,49.45.132.3,"2018-01-05 17:39:15",01-2018,"Letter Dispatch",L,21091
56,49.45.132.3,"2018-01-05 17:39:43",01-2018,"Letter Dispatch",L,21089
132,49.45.132.3,"2018-01-05 17:39:46",01-2018,"File Receive",F,564
98,49.45.132.3,"2018-01-05 17:40:34",01-2018,"Log Out",U,98
56,115.187.63.117,"2018-01-05 17:41:36",01-2018,"Letter Dispatch",L,21109
56,49.45.132.3,"2018-01-05 17:41:54",01-2018,"Letter Dispatch",L,21110
56,49.45.132.3,"2018-01-05 17:42:05",01-2018,"Letter Dispatch",L,21111
14,49.45.132.3,"2018-01-05 17:42:25",01-2018,"File Dispatch",F,725
56,49.45.132.3,"2018-01-05 17:42:33",01-2018,"Letter Dispatch",L,21108
14,49.45.132.3,"2018-01-05 17:43:06",01-2018,"Log Out",U,14
4,49.45.132.3,"2018-01-05 17:43:30",01-2018,"File Dispatch",F,1158
132,49.45.132.3,"2018-01-05 17:43:38",01-2018,"File Dispatch",F,564
22,115.187.63.117,"2018-01-05 17:43:45",01-2018,Login,U,22
132,49.45.132.3,"2018-01-05 17:45:56",01-2018,"Log Out",U,132
103,117.248.150.98,"2018-01-05 17:46:44",01-2018,"Log Out",U,103
56,115.187.63.117,"2018-01-05 17:46:48",01-2018,"Log Out",U,56
22,49.45.132.3,"2018-01-05 17:48:31",01-2018,"File Receive",F,725
16,117.248.150.133,"2018-01-05 17:50:33",01-2018,"Log Out",U,16
4,117.248.150.133,"2018-01-05 17:51:05",01-2018,Login,U,4
4,117.248.150.133,"2018-01-05 17:51:46",01-2018,"Log Out",U,4
22,49.45.132.3,"2018-01-05 17:51:52",01-2018,"File Dispatch",F,725
22,49.45.132.3,"2018-01-05 17:53:07",01-2018,"Log Out",U,22
59,117.223.219.18,"2018-01-05 18:02:27",01-2018,"Log Out",U,59
61,117.223.219.18,"2018-01-05 18:04:44",01-2018,"Log Out",U,61
57,49.45.132.3,"2018-01-05 18:18:40",01-2018,"File Receive",F,452
57,49.45.132.3,"2018-01-05 18:21:23",01-2018,"File Dispatch",F,452
57,49.45.132.3,"2018-01-05 18:25:30",01-2018,"File Receive",F,1029
57,49.45.132.3,"2018-01-05 18:27:54",01-2018,"File Dispatch",F,1029
57,49.45.132.3,"2018-01-05 18:34:16",01-2018,"File Dispatch",F,1975
57,49.45.132.3,"2018-01-05 18:38:15",01-2018,"File Dispatch",F,824
57,49.45.132.3,"2018-01-05 18:41:59",01-2018,"File Receive",F,2097
57,49.45.132.3,"2018-01-05 18:45:35",01-2018,"File Dispatch",F,2097
57,49.45.132.3,"2018-01-05 18:48:59",01-2018,"File Receive",F,449
57,49.45.132.3,"2018-01-05 18:56:04",01-2018,"File Dispatch",F,449
57,49.45.132.3,"2018-01-05 18:59:28",01-2018,"File Receive",F,600
19,49.45.132.3,"2018-01-05 19:03:39",01-2018,Login,U,19
12,49.45.132.3,"2018-01-05 19:06:05",01-2018,"Log Out",U,12
19,49.45.132.3,"2018-01-05 19:06:38",01-2018,"File Dispatch",F,673
57,49.45.132.3,"2018-01-05 19:08:36",01-2018,"File Dispatch",F,871
57,49.45.132.3,"2018-01-05 19:12:08",01-2018,"File Dispatch",F,166
57,49.45.132.3,"2018-01-05 19:14:53",01-2018,"File Receive",F,2035
57,49.45.132.3,"2018-01-05 19:18:51",01-2018,"File Dispatch",F,2035
57,49.45.132.3,"2018-01-05 19:22:17",01-2018,"File Receive",F,903
57,49.45.132.3,"2018-01-05 19:24:23",01-2018,"File Dispatch",F,903
98,49.45.132.3,"2018-01-05 19:27:10",01-2018,"Log Out",U,98
57,49.45.132.3,"2018-01-05 19:28:18",01-2018,"File Receive",F,542
57,49.45.132.3,"2018-01-05 19:31:18",01-2018,"File Dispatch",F,542
57,49.45.132.3,"2018-01-05 19:34:02",01-2018,"File Receive",F,443
57,49.45.132.3,"2018-01-05 19:35:28",01-2018,"File Dispatch",F,443
57,49.45.132.3,"2018-01-05 19:39:13",01-2018,"File Dispatch",F,600
57,49.45.132.3,"2018-01-06 10:37:01",01-2018,Login,U,57
151,117.248.150.232,"2018-01-06 10:37:49",01-2018,Login,U,151
57,115.187.63.117,"2018-01-06 10:40:59",01-2018,"File Receive",F,97
7,117.248.150.197,"2018-01-06 10:46:28",01-2018,Login,U,7
57,49.45.132.3,"2018-01-06 10:47:03",01-2018,"File Dispatch",F,97
57,115.187.63.117,"2018-01-06 10:49:48",01-2018,"File Receive",F,1379
57,49.45.132.3,"2018-01-06 10:51:24",01-2018,"File Dispatch",F,1379
66,59.92.147.194,"2018-01-06 10:52:31",01-2018,Login,U,66
16,117.248.150.232,"2018-01-06 10:53:17",01-2018,Login,U,16
16,117.248.150.232,"2018-01-06 10:53:25",01-2018,Login,U,16
57,115.187.63.117,"2018-01-06 10:57:34",01-2018,"File Dispatch",F,226
58,103.197.83.76,"2018-01-06 11:02:18",01-2018,Login,U,58
5,49.45.132.3,"2018-01-06 11:03:52",01-2018,Login,U,5
107,49.45.132.3,"2018-01-06 11:07:49",01-2018,Login,U,107
115,49.45.132.3,"2018-01-06 11:08:18",01-2018,Login,U,115
16,117.248.150.232,"2018-01-06 11:08:43",01-2018,"Log Out",U,16
57,49.45.132.3,"2018-01-06 11:08:46",01-2018,"File Dispatch",F,1801
16,117.248.150.232,"2018-01-06 11:11:24",01-2018,Login,U,16
57,49.45.132.3,"2018-01-06 11:11:31",01-2018,"File Receive",F,329
57,49.45.132.3,"2018-01-06 11:13:03",01-2018,"File Dispatch",F,329
107,115.187.63.117,"2018-01-06 11:15:33",01-2018,"File Receive",F,649
3,115.187.63.117,"2018-01-06 11:32:25",01-2018,Login,U,3
12,49.45.132.3,"2018-01-06 11:34:22",01-2018,Login,U,12
102,115.187.63.117,"2018-01-06 11:35:22",01-2018,Login,U,102
3,117.248.150.98,"2018-01-06 11:36:45",01-2018,Login,U,3
16,49.45.132.3,"2018-01-06 11:37:51",01-2018,Login,U,16
4,117.248.150.232,"2018-01-06 11:40:52",01-2018,Login,U,4
3,49.45.132.3,"2018-01-06 11:41:49",01-2018,"File Receive",F,564
4,117.248.150.232,"2018-01-06 11:42:26",01-2018,"Log Out",U,4
16,117.248.150.232,"2018-01-06 11:43:15",01-2018,Login,U,16
3,49.45.132.3,"2018-01-06 11:45:48",01-2018,Almirah,F,564
16,49.45.132.3,"2018-01-06 11:46:39",01-2018,"File Dispatch",F,334
3,49.45.132.3,"2018-01-06 11:47:35",01-2018,"Log Out",U,3
12,49.45.132.3,"2018-01-06 12:02:13",01-2018,Almirah,F,896
12,115.187.63.117,"2018-01-06 12:02:13",01-2018,Almirah,F,2115
12,49.45.132.3,"2018-01-06 12:02:13",01-2018,Almirah,F,2062
12,49.45.132.3,"2018-01-06 12:02:13",01-2018,"File Receive",F,1374
3,115.187.63.117,"2018-01-06 12:03:16",01-2018,"Add Notesheet",F,566
66,49.45.132.3,"2018-01-06 12:04:17",01-2018,Login,U,66
12,49.45.132.3,"2018-01-06 12:06:39",01-2018,Almirah,F,2100
66,49.45.132.3,"2018-01-06 12:07:20",01-2018,"File Receive",F,374
63,115.187.63.117,"2018-01-06 12:08:06",01-2018,Login,U,63
66,49.45.132.3,"2018-01-06 12:09:17",01-2018,"File Dispatch",F,374
19,49.45.132.3,"2018-01-06 12:10:00",01-2018,Login,U,19
7,117.248.150.197,"2018-01-06 12:10:18",01-2018,"File Dispatch",F,200
63,115.187.63.117,"2018-01-06 12:11:09",01-2018,"File Receive",F,334
63,49.45.132.3,"2018-01-06 12:13:57",01-2018,"File Dispatch",F,334
63,49.45.132.3,"2018-01-06 12:14:38",01-2018,"Log Out",U,63
57,117.248.150.232,"2018-01-06 12:28:37",01-2018,Login,U,57
19,49.45.132.3,"2018-01-06 12:40:26",01-2018,Login,U,19
151,117.248.150.232,"2018-01-06 12:41:29",01-2018,Login,U,151
7,117.248.150.232,"2018-01-06 12:44:58",01-2018,Login,U,7
7,117.248.150.232,"2018-01-06 12:47:30",01-2018,"Log Out",U,7
1,59.97.218.5,"2018-01-06 12:48:52",01-2018,Login,U,1
57,117.248.150.232,"2018-01-06 12:51:41",01-2018,"Log Out",U,57
12,49.45.132.3,"2018-01-06 12:54:06",01-2018,Login,U,12
9,49.45.132.3,"2018-01-06 12:54:44",01-2018,Login,U,9
58,103.197.83.76,"2018-01-06 12:56:05",01-2018,"Log Out",U,58
61,103.197.83.76,"2018-01-06 12:56:43",01-2018,Login,U,61
12,49.45.132.3,"2018-01-06 12:58:11",01-2018,"Letter Attach To File",L,20855
61,103.197.83.76,"2018-01-06 12:59:26",01-2018,"File Receive",F,570
16,117.248.150.232,"2018-01-06 12:59:27",01-2018,"Log Out",U,16
107,115.187.63.117,"2018-01-06 12:59:38",01-2018,"File Dispatch",F,649
12,115.187.63.117,"2018-01-06 12:59:40",01-2018,"Letter Attach To File",L,20869
19,117.248.150.232,"2018-01-06 12:59:45",01-2018,Login,U,19
12,49.45.132.3,"2018-01-06 13:01:19",01-2018,"Letter Attach To File",L,20275
61,103.197.83.76,"2018-01-06 13:01:55",01-2018,"File Dispatch",F,570
12,49.45.132.3,"2018-01-06 13:02:04",01-2018,"Letter Attach To File",L,20276
115,49.45.132.3,"2018-01-06 13:02:50",01-2018,"File Receive",F,649
12,49.45.132.3,"2018-01-06 13:02:59",01-2018,"Letter Attach To File",L,20286
58,103.197.83.76,"2018-01-06 13:04:36",01-2018,Login,U,58
115,115.187.63.117,"2018-01-06 13:04:42",01-2018,Almirah,F,649
12,49.45.132.3,"2018-01-06 13:05:38",01-2018,"Letter Attach To File",L,20205
12,49.45.132.3,"2018-01-06 13:05:49",01-2018,"Letter Attach To File",L,20465
25,49.45.132.3,"2018-01-06 13:06:55",01-2018,Login,U,25
58,103.197.83.76,"2018-01-06 13:07:41",01-2018,"File Receive",F,1945
16,49.45.132.3,"2018-01-06 13:07:42",01-2018,Login,U,16
12,49.45.132.3,"2018-01-06 13:07:58",01-2018,"Letter Attach To File",L,20439
12,49.45.132.3,"2018-01-06 13:09:26",01-2018,"Letter Attach To File",L,20452
58,103.197.83.76,"2018-01-06 13:09:41",01-2018,"File Dispatch",F,1945
16,49.45.132.3,"2018-01-06 13:11:06",01-2018,"File Receive",F,1893
12,115.187.63.117,"2018-01-06 13:11:10",01-2018,"Letter Attach To File",L,20762
25,49.45.132.3,"2018-01-06 13:11:10",01-2018,"File Dispatch",F,386
61,103.197.83.76,"2018-01-06 13:11:53",01-2018,"File Receive",F,1945
16,115.187.63.117,"2018-01-06 13:13:45",01-2018,"File Receive",F,334
16,49.45.132.3,"2018-01-06 13:14:31",01-2018,"File Receive",F,334
61,103.197.83.76,"2018-01-06 13:14:39",01-2018,"File Dispatch",F,1945
25,49.45.132.3,"2018-01-06 13:14:58",01-2018,"File Dispatch",F,431
12,49.45.132.3,"2018-01-06 13:15:38",01-2018,"Letter Attach To File",L,20644
120,49.45.132.3,"2018-01-06 13:16:08",01-2018,Login,U,120
120,49.45.132.3,"2018-01-06 13:16:52",01-2018,Login,U,120
12,49.45.132.3,"2018-01-06 13:16:56",01-2018,"Letter Attach To File",L,20358
12,49.45.132.3,"2018-01-06 13:17:06",01-2018,"Letter Attach To File",L,20518
12,49.45.132.3,"2018-01-06 13:17:18",01-2018,"Letter Attach To File",L,20618
12,49.45.132.3,"2018-01-06 13:17:34",01-2018,"Letter Attach To File",L,20626
16,49.45.132.3,"2018-01-06 13:18:07",01-2018,"File Dispatch",F,334
120,49.45.132.3,"2018-01-06 13:19:21",01-2018,"File Receive",F,200
19,49.45.132.3,"2018-01-06 13:19:28",01-2018,Login,U,19
12,49.45.132.3,"2018-01-06 13:21:24",01-2018,"Letter Attach To File",L,19432
120,49.45.132.3,"2018-01-06 13:21:30",01-2018,"File Dispatch",F,200
12,115.187.63.117,"2018-01-06 13:21:34",01-2018,"Letter Attach To File",L,19430
12,115.187.63.117,"2018-01-06 13:21:39",01-2018,"Letter Attach To File",L,19431
12,115.187.63.117,"2018-01-06 13:22:17",01-2018,"Letter Attach To File",L,19327
12,115.187.63.117,"2018-01-06 13:22:23",01-2018,"Letter Attach To File",L,19320
58,103.197.83.76,"2018-01-06 13:23:54",01-2018,"File Receive",F,1943
63,115.187.63.117,"2018-01-06 13:24:31",01-2018,Login,U,63
58,103.197.83.76,"2018-01-06 13:25:29",01-2018,"File Dispatch",F,1943
102,49.45.132.3,"2018-01-06 13:26:12",01-2018,Login,U,102
12,115.187.63.117,"2018-01-06 13:26:29",01-2018,"Letter Attach To File",L,18701
63,49.45.132.3,"2018-01-06 13:27:23",01-2018,"File Receive",F,334
12,49.45.132.3,"2018-01-06 13:27:28",01-2018,"Letter Attach To File",L,18748
58,103.197.83.76,"2018-01-06 13:28:22",01-2018,"File Receive",F,1936
102,115.187.63.117,"2018-01-06 13:28:23",01-2018,"File Receive",F,570
12,49.45.132.3,"2018-01-06 13:28:52",01-2018,"Letter Attach To File",L,19250
102,49.45.132.3,"2018-01-06 13:29:51",01-2018,Almirah,F,570
63,49.45.132.3,"2018-01-06 13:29:59",01-2018,"File Dispatch",F,334
12,49.45.132.3,"2018-01-06 13:30:02",01-2018,"Letter Attach To File",L,19765
58,103.197.83.76,"2018-01-06 13:30:04",01-2018,"File Dispatch",F,1936
12,49.45.132.3,"2018-01-06 13:30:11",01-2018,"Letter Attach To File",L,19764
63,49.45.132.3,"2018-01-06 13:30:50",01-2018,"Log Out",U,63
58,103.197.83.76,"2018-01-06 13:34:11",01-2018,"File Receive",F,226
58,103.197.83.76,"2018-01-06 13:37:49",01-2018,"File Dispatch",F,226
60,117.248.150.232,"2018-01-06 13:39:16",01-2018,Login,U,60
12,49.45.132.3,"2018-01-06 13:46:32",01-2018,"Log Out",U,12
58,103.197.83.76,"2018-01-06 13:49:34",01-2018,"File Receive",F,1975
